Model,MAE,RMSE,R2
Linear Regression,0.18768390972488097,0.2068648127780198,0.32992157766953045
Random Forest,0.1881849999999993,0.225837520133391,0.2013719186849956
