{
    "MAE": 0.18768390972488097,
    "RMSE": 0.2068648127780198,
    "R2": 0.32992157766953045
}