Model,Test MAE,RMSE,R2
Linear Regression,0.18768390972488097,0.2068648127780198,0.32992157766953045
Random Forest,0.18818499999999921,0.2258375201333909,0.2013719186849965
Tuned Random Forest,0.18910868435730963,0.22757107833878124,0.18906411489834507
