{
    "Train MAE": 0.05161710526315844,
    "Test MAE": 0.1881849999999993,
    "Test RMSE": 0.225837520133391,
    "Test R2": 0.2013719186849956
}